﻿{"paragraphs":[{"text":"val df = sqlContext.read\n.format(\"com.databricks.spark.csv\")\n.option(\"header\", \"true\")\n.option(\"inferSchema\", \"true\")\n.option(\"delimiter\",\",\")\n.load(\"s3://budt758b-gniu25/Project/normal.csv\")","user":"anonymous","dateUpdated":"2019-12-10T03:11:52+0000","config":{"editorSetting":{"language":"scala","editOnDblClick":false,"completionKey":"TAB","completionSupport":true},"colWidth":12,"editorMode":"ace/mode/scala","fontSize":9,"results":{},"enabled":true},"settings":{"params":{},"forms":{}},"results":{"code":"SUCCESS","msg":[{"type":"TEXT","data":"df: org.apache.spark.sql.DataFrame = [Keywords: string, Frequency: int]\n"}]},"apps":[],"jobName":"paragraph_1575947512845_994589124","id":"20191209-164414_427571654","dateCreated":"2019-12-10T03:11:52+0000","status":"READY","errorMessage":"","progressUpdateIntervalMs":500,"focus":true,"$$hashKey":"object:4164"},{"text":"\nimport org.apache.spark.sql.types.{StructType, StructField, StringType, IntegerType};\nimport org.apache.spark.sql.{DataFrame, Dataset, Encoders, SparkSession}\n\ncase class PubgData(Keywords:String,Frequency: Int)\nval schema: StructType = Encoders.product[PubgData].schema\nval df = sqlContext.read.schema(schema).csv(\"s3://budt758b-gniu25/Project/normal.csv\")\ndf.printSchema()","user":"anonymous","dateUpdated":"2019-12-10T03:11:52+0000","config":{"editorSetting":{"language":"scala","editOnDblClick":false,"completionKey":"TAB","completionSupport":true},"colWidth":12,"editorMode":"ace/mode/scala","fontSize":9,"results":{},"enabled":true},"settings":{"params":{},"forms":{}},"results":{"code":"SUCCESS","msg":[{"type":"TEXT","data":"root\n |-- Keywords: string (nullable = true)\n |-- Frequency: integer (nullable = true)\n\nimport org.apache.spark.sql.types.{StructType, StructField, StringType, IntegerType}\nimport org.apache.spark.sql.{DataFrame, Dataset, Encoders, SparkSession}\ndefined class PubgData\nschema: org.apache.spark.sql.types.StructType = StructType(StructField(Keywords,StringType,true), StructField(Frequency,IntegerType,false))\ndf: org.apache.spark.sql.DataFrame = [Keywords: string, Frequency: int]\n"}]},"apps":[],"jobName":"paragraph_1575947512852_-1379528529","id":"20191209-170737_748293821","dateCreated":"2019-12-10T03:11:52+0000","status":"READY","errorMessage":"","progressUpdateIntervalMs":500,"$$hashKey":"object:4165"},{"text":"df.registerTempTable(\"nor_table\")","user":"anonymous","dateUpdated":"2019-12-10T03:11:52+0000","config":{"editorSetting":{"language":"scala","editOnDblClick":false,"completionKey":"TAB","completionSupport":true},"colWidth":12,"editorMode":"ace/mode/scala","fontSize":9,"results":{},"enabled":true},"settings":{"params":{},"forms":{}},"results":{"code":"SUCCESS","msg":[{"type":"TEXT","data":"warning: there was one deprecation warning; re-run with -deprecation for details\n"}]},"apps":[],"jobName":"paragraph_1575947512853_1179468926","id":"20191209-171249_1075046956","dateCreated":"2019-12-10T03:11:52+0000","status":"READY","errorMessage":"","progressUpdateIntervalMs":500,"$$hashKey":"object:4166"},{"text":"%sql\nselect * from nor_table where AND(Keywords != \"null\",Keywords !=\"de\") \nlimit 6","user":"anonymous","dateUpdated":"2019-12-10T03:11:52+0000","config":{"editorSetting":{"language":"sql","editOnDblClick":false,"completionKey":"TAB","completionSupport":true},"colWidth":12,"editorMode":"ace/mode/sql","fontSize":9,"results":{"0":{"graph":{"mode":"multiBarChart","height":300,"optionOpen":false,"setting":{"table":{"tableGridState":{"columns":[{"name":"Keywords","visible":true,"width":"*","sort":{},"filters":[{"term":""}],"pinned":""},{"name":"Frequency","visible":true,"width":"*","sort":{},"filters":[{}],"pinned":""}],"scrollFocus":{},"selection":[],"grouping":{"grouping":[],"aggregations":[],"rowExpandedStates":{}},"treeView":{},"pagination":{"paginationCurrentPage":1,"paginationPageSize":250}},"tableColumnTypeState":{"names":{"Keywords":"string","Frequency":"string"},"updated":false},"tableOptionSpecHash":"[{\"name\":\"useFilter\",\"valueType\":\"boolean\",\"defaultValue\":false,\"widget\":\"checkbox\",\"description\":\"Enable filter for columns\"},{\"name\":\"showPagination\",\"valueType\":\"boolean\",\"defaultValue\":false,\"widget\":\"checkbox\",\"description\":\"Enable pagination for better navigation\"},{\"name\":\"showAggregationFooter\",\"valueType\":\"boolean\",\"defaultValue\":false,\"widget\":\"checkbox\",\"description\":\"Enable a footer for displaying aggregated values\"}]","tableOptionValue":{"useFilter":true,"showPagination":false,"showAggregationFooter":false},"updated":false,"initialized":false},"multiBarChart":{"rotate":{"degree":"-45"},"xLabelStatus":"default"},"stackedAreaChart":{"rotate":{"degree":"-45"},"xLabelStatus":"default"},"lineChart":{"rotate":{"degree":"-45"},"xLabelStatus":"default"}},"commonSetting":{},"keys":[{"name":"Keywords","index":0,"aggr":"sum"}],"groups":[],"values":[{"name":"Frequency","index":1,"aggr":"sum"}]},"helium":{}}},"enabled":true},"settings":{"params":{},"forms":{}},"results":{"code":"SUCCESS","msg":[{"type":"TABLE","data":"Keywords\tFrequency\nlanguage\t8559\nuniversity\t6338\nlinguistic\t3471\nsubject\t3007\nconference\t2781\ninformation\t2591\n"},{"type":"TEXT","data":""}]},"apps":[],"jobName":"paragraph_1575947512853_-221846041","id":"20191209-172316_402021684","dateCreated":"2019-12-10T03:11:52+0000","status":"READY","errorMessage":"","progressUpdateIntervalMs":500,"$$hashKey":"object:4167"},{"text":"\nimport org.apache.spark.sql.types.{StructType, StructField, StringType, IntegerType};\nimport org.apache.spark.sql.{DataFrame, Dataset, Encoders, SparkSession}\n\ncase class PubgData(Keywords:String,Frequency: Int)\nval schema: StructType = Encoders.product[PubgData].schema\nval df1 = sqlContext.read.schema(schema).csv(\"s3://budt758b-gniu25/Project/spam.csv\")\ndf1.printSchema()","user":"anonymous","dateUpdated":"2019-12-10T03:11:52+0000","config":{"editorSetting":{"language":"scala","editOnDblClick":false,"completionKey":"TAB","completionSupport":true},"colWidth":12,"editorMode":"ace/mode/scala","fontSize":9,"results":{},"enabled":true},"settings":{"params":{},"forms":{}},"results":{"code":"SUCCESS","msg":[{"type":"TEXT","data":"root\n |-- Keywords: string (nullable = true)\n |-- Frequency: integer (nullable = true)\n\nimport org.apache.spark.sql.types.{StructType, StructField, StringType, IntegerType}\nimport org.apache.spark.sql.{DataFrame, Dataset, Encoders, SparkSession}\ndefined class PubgData\nschema: org.apache.spark.sql.types.StructType = StructType(StructField(Keywords,StringType,true), StructField(Frequency,IntegerType,false))\ndf1: org.apache.spark.sql.DataFrame = [Keywords: string, Frequency: int]\n"}]},"apps":[],"jobName":"paragraph_1575947512854_-547493879","id":"20191209-172333_2123725715","dateCreated":"2019-12-10T03:11:52+0000","status":"READY","errorMessage":"","progressUpdateIntervalMs":500,"$$hashKey":"object:4168"},{"text":"df1.registerTempTable(\"spam_table\")","user":"anonymous","dateUpdated":"2019-12-10T03:11:52+0000","config":{"editorSetting":{"language":"scala","editOnDblClick":false,"completionKey":"TAB","completionSupport":true},"colWidth":12,"editorMode":"ace/mode/scala","fontSize":9,"results":{},"enabled":true},"settings":{"params":{},"forms":{}},"results":{"code":"SUCCESS","msg":[{"type":"TEXT","data":"warning: there was one deprecation warning; re-run with -deprecation for details\n"}]},"apps":[],"jobName":"paragraph_1575947512854_485849675","id":"20191209-183101_1067109187","dateCreated":"2019-12-10T03:11:52+0000","status":"READY","errorMessage":"","progressUpdateIntervalMs":500,"$$hashKey":"object:4169"},{"text":"%sql\nselect * from spam_table where AND(Keywords != \"null\",Keywords !=\"de\") \nlimit 6","user":"anonymous","dateUpdated":"2019-12-10T03:11:52+0000","config":{"editorSetting":{"language":"sql","editOnDblClick":false,"completionKey":"TAB","completionSupport":true},"colWidth":12,"editorMode":"ace/mode/sql","fontSize":9,"results":{"0":{"graph":{"mode":"multiBarChart","height":300,"optionOpen":false,"setting":{"table":{"tableGridState":{},"tableColumnTypeState":{"names":{"Keywords":"string","Frequency":"string"},"updated":false},"tableOptionSpecHash":"[{\"name\":\"useFilter\",\"valueType\":\"boolean\",\"defaultValue\":false,\"widget\":\"checkbox\",\"description\":\"Enable filter for columns\"},{\"name\":\"showPagination\",\"valueType\":\"boolean\",\"defaultValue\":false,\"widget\":\"checkbox\",\"description\":\"Enable pagination for better navigation\"},{\"name\":\"showAggregationFooter\",\"valueType\":\"boolean\",\"defaultValue\":false,\"widget\":\"checkbox\",\"description\":\"Enable a footer for displaying aggregated values\"}]","tableOptionValue":{"useFilter":false,"showPagination":false,"showAggregationFooter":false},"updated":false,"initialized":false},"multiBarChart":{"rotate":{"degree":"-45"},"xLabelStatus":"default","stacked":false}},"commonSetting":{},"keys":[{"name":"Keywords","index":0,"aggr":"sum"}],"groups":[],"values":[{"name":"Frequency","index":1,"aggr":"sum"}]},"helium":{}}},"enabled":true},"settings":{"params":{},"forms":{}},"results":{"code":"SUCCESS","msg":[{"type":"TABLE","data":"Keywords\tFrequency\ndollar\t4564\nemail\t1693\norder\t1457\nreport\t1296\naddress\t1273\nmail\t1129\n"},{"type":"TEXT","data":""}]},"apps":[],"jobName":"paragraph_1575947512855_-1207325933","id":"20191209-183208_1716364807","dateCreated":"2019-12-10T03:11:52+0000","status":"READY","errorMessage":"","progressUpdateIntervalMs":500,"$$hashKey":"object:4170"},{"text":"val df2 = sqlContext.read\n.format(\"com.databricks.spark.csv\")\n.option(\"header\", \"false\")\n.option(\"inferSchema\", \"true\")\n.option(\"delimiter\",\",\")\n.load(\"s3://budt758b-gniu25/Project/sentiment_spam.csv\")\n\n","user":"anonymous","dateUpdated":"2019-12-10T03:12:24+0000","config":{"editorSetting":{"language":"scala","editOnDblClick":false,"completionKey":"TAB","completionSupport":true},"colWidth":12,"editorMode":"ace/mode/scala","fontSize":9,"results":{},"enabled":true},"settings":{"params":{},"forms":{}},"results":{"code":"SUCCESS","msg":[{"type":"TEXT","data":"df2: org.apache.spark.sql.DataFrame = [_c0: string, _c1: double]\n"}]},"apps":[],"jobName":"paragraph_1575947512855_198550968","id":"20191209-183229_1272905555","dateCreated":"2019-12-10T03:11:52+0000","dateStarted":"2019-12-10T03:12:24+0000","dateFinished":"2019-12-10T03:13:16+0000","status":"FINISHED","progressUpdateIntervalMs":500,"$$hashKey":"object:4171"},{"text":"import org.apache.spark.sql.types.{StructType, StructField, StringType, IntegerType};\nimport org.apache.spark.sql.{DataFrame, Dataset, Encoders, SparkSession}\n\ncase class PubgData(Keywords:String,score:Float)\nval schema: StructType = Encoders.product[PubgData].schema\nval df2 = sqlContext.read.schema(schema).csv(\"s3://budt758b-gniu25/Project/sentiment_spam.csv\")\ndf2.printSchema()","user":"anonymous","dateUpdated":"2019-12-10T03:13:22+0000","config":{"colWidth":12,"fontSize":9,"enabled":true,"results":{},"editorSetting":{"language":"scala","editOnDblClick":false,"completionKey":"TAB","completionSupport":true},"editorMode":"ace/mode/scala"},"settings":{"params":{},"forms":{}},"results":{"code":"SUCCESS","msg":[{"type":"TEXT","data":"root\n |-- Keywords: string (nullable = true)\n |-- score: float (nullable = true)\n\nimport org.apache.spark.sql.types.{StructType, StructField, StringType, IntegerType}\nimport org.apache.spark.sql.{DataFrame, Dataset, Encoders, SparkSession}\ndefined class PubgData\nschema: org.apache.spark.sql.types.StructType = StructType(StructField(Keywords,StringType,true), StructField(score,FloatType,false))\ndf2: org.apache.spark.sql.DataFrame = [Keywords: string, score: float]\n"}]},"apps":[],"jobName":"paragraph_1575947544632_-1150428517","id":"20191210-031224_913870400","dateCreated":"2019-12-10T03:12:24+0000","dateStarted":"2019-12-10T03:13:22+0000","dateFinished":"2019-12-10T03:13:26+0000","status":"FINISHED","progressUpdateIntervalMs":500,"$$hashKey":"object:4172"},{"text":"df2.registerTempTable(\"senti_table\")","user":"anonymous","dateUpdated":"2019-12-10T03:13:30+0000","config":{"colWidth":12,"fontSize":9,"enabled":true,"results":{},"editorSetting":{"language":"scala","editOnDblClick":false,"completionKey":"TAB","completionSupport":true},"editorMode":"ace/mode/scala"},"settings":{"params":{},"forms":{}},"results":{"code":"SUCCESS","msg":[{"type":"TEXT","data":"warning: there was one deprecation warning; re-run with -deprecation for details\n"}]},"apps":[],"jobName":"paragraph_1575947602506_-303141307","id":"20191210-031322_1350300941","dateCreated":"2019-12-10T03:13:22+0000","dateStarted":"2019-12-10T03:13:30+0000","dateFinished":"2019-12-10T03:13:31+0000","status":"FINISHED","progressUpdateIntervalMs":500,"$$hashKey":"object:4173"},{"text":"%sql\nselect if (score>0,\"Pos\",\"Neg\"),if(score>0,1,0) as positiveYN from senti_table\n","user":"anonymous","dateUpdated":"2019-12-10T03:16:48+0000","config":{"colWidth":12,"fontSize":9,"enabled":true,"results":{"0":{"graph":{"mode":"pieChart","height":300,"optionOpen":false,"setting":{"table":{"tableGridState":{},"tableColumnTypeState":{"names":{"(IF((score > CAST(0 AS FLOAT)), Pos, Neg))":"string","positiveYN":"string"},"updated":false},"tableOptionSpecHash":"[{\"name\":\"useFilter\",\"valueType\":\"boolean\",\"defaultValue\":false,\"widget\":\"checkbox\",\"description\":\"Enable filter for columns\"},{\"name\":\"showPagination\",\"valueType\":\"boolean\",\"defaultValue\":false,\"widget\":\"checkbox\",\"description\":\"Enable pagination for better navigation\"},{\"name\":\"showAggregationFooter\",\"valueType\":\"boolean\",\"defaultValue\":false,\"widget\":\"checkbox\",\"description\":\"Enable a footer for displaying aggregated values\"}]","tableOptionValue":{"useFilter":false,"showPagination":false,"showAggregationFooter":false},"updated":false,"initialized":false},"multiBarChart":{"rotate":{"degree":"-45"},"xLabelStatus":"default"},"stackedAreaChart":{"rotate":{"degree":"-45"},"xLabelStatus":"default"},"pieChart":{}},"commonSetting":{},"keys":[{"name":"(IF((score > CAST(0 AS FLOAT)), Pos, Neg))","index":0,"aggr":"sum"}],"groups":[],"values":[{"name":"positiveYN","index":1,"aggr":"count"}]},"helium":{}}},"editorSetting":{"language":"sql","editOnDblClick":false,"completionKey":"TAB","completionSupport":true},"editorMode":"ace/mode/sql"},"settings":{"params":{},"forms":{}},"results":{"code":"SUCCESS","msg":[{"type":"TABLE","data":"(IF((score > CAST(0 AS FLOAT)), Pos, Neg))\tpositiveYN\nPos\t1\nPos\t1\nPos\t1\nPos\t1\nPos\t1\nPos\t1\nPos\t1\nPos\t1\nPos\t1\nPos\t1\nPos\t1\nPos\t1\nPos\t1\nPos\t1\nPos\t1\nPos\t1\nNeg\t0\nNeg\t0\nPos\t1\nPos\t1\nPos\t1\nPos\t1\nPos\t1\nPos\t1\nPos\t1\nPos\t1\nNeg\t0\nPos\t1\nPos\t1\nPos\t1\nPos\t1\nPos\t1\nPos\t1\nPos\t1\nPos\t1\nPos\t1\nPos\t1\nPos\t1\nPos\t1\nPos\t1\nPos\t1\nPos\t1\nPos\t1\nPos\t1\nPos\t1\nNeg\t0\nNeg\t0\nPos\t1\nPos\t1\nPos\t1\nPos\t1\nPos\t1\nPos\t1\nPos\t1\nPos\t1\nPos\t1\nPos\t1\nPos\t1\nPos\t1\nPos\t1\nPos\t1\nPos\t1\nPos\t1\nPos\t1\nPos\t1\nPos\t1\nPos\t1\nPos\t1\nPos\t1\nPos\t1\nPos\t1\nNeg\t0\nPos\t1\nPos\t1\nPos\t1\nPos\t1\nPos\t1\nPos\t1\nPos\t1\nPos\t1\nNeg\t0\nPos\t1\nPos\t1\nPos\t1\nPos\t1\nPos\t1\nPos\t1\nPos\t1\nPos\t1\nPos\t1\nPos\t1\nPos\t1\nPos\t1\nPos\t1\nPos\t1\nPos\t1\nPos\t1\nPos\t1\nPos\t1\nNeg\t0\nPos\t1\nNeg\t0\nPos\t1\nPos\t1\nPos\t1\nPos\t1\nPos\t1\nPos\t1\nPos\t1\nPos\t1\nPos\t1\nPos\t1\nPos\t1\nNeg\t0\nPos\t1\nPos\t1\nPos\t1\nNeg\t0\nPos\t1\nPos\t1\nPos\t1\nPos\t1\nPos\t1\nPos\t1\nPos\t1\nPos\t1\nPos\t1\nPos\t1\nNeg\t0\nPos\t1\n"},{"type":"TEXT","data":""}]},"apps":[],"jobName":"paragraph_1575947610570_-1417086638","id":"20191210-031330_1543233895","dateCreated":"2019-12-10T03:13:30+0000","dateStarted":"2019-12-10T03:13:39+0000","dateFinished":"2019-12-10T03:13:47+0000","status":"FINISHED","progressUpdateIntervalMs":500,"$$hashKey":"object:4174"},{"text":"%sql\nSELECT COUNT(*) FROM senti_table WHERE score > 0 \nUNION SELECT COUNT(*) FROM senti_table WHERE score <0","user":"anonymous","dateUpdated":"2019-12-10T04:14:54+0000","config":{"colWidth":12,"fontSize":9,"enabled":true,"results":{"0":{"graph":{"mode":"table","height":300,"optionOpen":false,"setting":{"table":{"tableGridState":{},"tableColumnTypeState":{"names":{"count(1)":"string"},"updated":false},"tableOptionSpecHash":"[{\"name\":\"useFilter\",\"valueType\":\"boolean\",\"defaultValue\":false,\"widget\":\"checkbox\",\"description\":\"Enable filter for columns\"},{\"name\":\"showPagination\",\"valueType\":\"boolean\",\"defaultValue\":false,\"widget\":\"checkbox\",\"description\":\"Enable pagination for better navigation\"},{\"name\":\"showAggregationFooter\",\"valueType\":\"boolean\",\"defaultValue\":false,\"widget\":\"checkbox\",\"description\":\"Enable a footer for displaying aggregated values\"}]","tableOptionValue":{"useFilter":false,"showPagination":false,"showAggregationFooter":false},"updated":false,"initialized":false},"multiBarChart":{"rotate":{"degree":"-45"},"xLabelStatus":"default"}},"commonSetting":{},"keys":[{"name":"count(1)","index":0,"aggr":"sum"}],"groups":[],"values":[]},"helium":{}},"1":{"graph":{"mode":"table","height":300,"optionOpen":false,"setting":{"table":{"tableGridState":{},"tableColumnTypeState":{"names":{"id":"string"},"updated":false},"tableOptionSpecHash":"[{\"name\":\"useFilter\",\"valueType\":\"boolean\",\"defaultValue\":false,\"widget\":\"checkbox\",\"description\":\"Enable filter for columns\"},{\"name\":\"showPagination\",\"valueType\":\"boolean\",\"defaultValue\":false,\"widget\":\"checkbox\",\"description\":\"Enable pagination for better navigation\"},{\"name\":\"showAggregationFooter\",\"valueType\":\"boolean\",\"defaultValue\":false,\"widget\":\"checkbox\",\"description\":\"Enable a footer for displaying aggregated values\"}]","tableOptionValue":{"useFilter":false,"showPagination":false,"showAggregationFooter":false},"updated":false,"initialized":false}},"commonSetting":{}},"helium":{}}},"editorSetting":{"language":"sql","editOnDblClick":false,"completionKey":"TAB","completionSupport":true},"editorMode":"ace/mode/sql"},"settings":{"params":{},"forms":{}},"results":{"code":"ERROR","msg":[{"type":"TEXT","data":"\nmismatched input 'SELECT' expecting <EOF>(line 2, pos 0)\n\n== SQL ==\nSELECT COUNT(*) FROM senti_table WHERE score > 0\nSELECT COUNT(*) FROM senti_table WHERE score <0\n^^^\n\nset zeppelin.spark.sql.stacktrace = true to see full stacktrace"}]},"apps":[],"jobName":"paragraph_1575947619594_1797516870","id":"20191210-031339_1526251376","dateCreated":"2019-12-10T03:13:39+0000","dateStarted":"2019-12-10T04:14:47+0000","dateFinished":"2019-12-10T04:14:47+0000","status":"ERROR","progressUpdateIntervalMs":500,"$$hashKey":"object:4175"},{"text":"%spark\n","user":"anonymous","dateUpdated":"2019-12-10T03:51:27+0000","config":{"colWidth":12,"fontSize":9,"enabled":true,"results":{},"editorSetting":{"language":"scala","editOnDblClick":false,"completionKey":"TAB","completionSupport":true},"editorMode":"ace/mode/scala"},"settings":{"params":{},"forms":{}},"apps":[],"jobName":"paragraph_1575949887686_-2023351771","id":"20191210-035127_904238767","dateCreated":"2019-12-10T03:51:27+0000","status":"READY","progressUpdateIntervalMs":500,"$$hashKey":"object:4176"}],"name":"spam_email","id":"2EWGF5C8V","noteParams":{},"noteForms":{},"angularObjects":{"spark:shared_process":[]},"config":{"isZeppelinNotebookCronEnable":false,"looknfeel":"default","personalizedMode":"false"},"info":{}}